character_id,material_id
3,49
3,508
3,88
3,47
3,425
3,46
3,303
3,48
4,495
4,340
4,50
4,493
4,342
4,362
4,492
4,341
4,494
4,445
4,187
4,319
4,404
4,81
5,349
5,53
5,107
5,347
5,28
5,386
5,346
5,151
5,348
5,439
5,181
5,313
5,481
5,81
6,282
6,378
6,140
6,280
6,351
6,477
6,279
6,367
6,281
6,451
6,193
6,325
6,261
6,81
7,402
7,84
7,417
7,400
7,82
7,416
7,399
7,418
7,401
7,448
7,190
7,322
7,272
7,81
8,490
8,148
8,66
8,488
8,391
8,434
8,487
8,343
8,489
8,447
8,189
8,321
8,121
8,81
9,12
9,413
9,146
9,10
9,136
9,396
9,9
9,506
9,11
9,448
9,190
9,322
9,118
9,81
10,349
10,304
10,411
10,347
10,368
10,412
10,346
10,410
10,348
10,444
10,186
10,318
10,25
10,81
11,12
11,359
11,360
11,10
11,158
11,390
11,9
11,233
11,11
11,456
11,198
11,330
11,141
11,81
12,282
12,500
12,167
12,280
12,137
12,243
12,279
12,83
12,281
12,450
12,192
12,324
12,513
12,81
13,495
13,311
13,107
13,493
13,69
13,386
13,492
13,151
13,494
13,448
13,190
13,322
13,370
13,81
14,490
14,294
14,476
14,488
14,240
14,407
14,487
14,176
14,489
14,450
14,192
14,324
14,118
14,81
15,12
15,508
15,476
15,10
15,136
15,407
15,9
15,176
15,11
15,459
15,201
15,333
15,117
15,81
16,495
16,207
16,140
16,493
16,235
16,477
16,492
16,367
16,494
16,438
16,180
16,312
16,463
16,81
17,402
17,29
17,260
17,400
17,472
17,259
17,399
17,19
17,401
17,452
17,194
17,326
17,239
17,81
18,499
18,511
18,227
18,497
18,126
18,387
18,496
18,483
18,498
18,441
18,183
18,315
18,404
18,81
19,12
19,242
19,260
19,10
19,150
19,259
19,9
19,19
19,11
19,456
19,198
19,330
19,237
19,81
20,349
20,100
20,417
20,347
20,20
20,416
20,346
20,418
20,348
20,454
20,196
20,328
20,239
20,81
21,402
21,79
21,88
21,400
21,209
21,425
21,399
21,303
21,401
21,443
21,185
21,317
21,118
21,81
22,402
22,355
22,227
22,400
22,436
22,387
22,399
22,483
22,401
22,453
22,195
22,327
22,101
22,81
23,490
23,245
23,474
23,488
23,150
23,473
23,487
23,514
23,489
23,452
23,194
23,326
23,135
23,81
24,282
24,375
24,146
24,280
24,249
24,396
24,279
24,506
24,281
24,457
24,199
24,331
24,463
24,81
25,495
25,510
25,411
25,493
25,356
25,412
25,492
25,410
25,494
25,455
25,197
25,329
25,256
25,81
26,490
26,382
26,107
26,488
26,470
26,386
26,487
26,151
26,489
26,438
26,180
26,312
26,276
26,81
27,495
27,52
27,146
27,493
27,388
27,396
27,492
27,506
27,494
27,439
27,181
27,313
27,128
27,81
28,12
28,378
28,140
28,10
28,235
28,477
28,9
28,367
28,11
28,457
28,199
28,331
28,352
28,81
29,12
29,413
29,360
29,10
29,136
29,390
29,9
29,233
29,11
29,459
29,201
29,333
29,117
29,81
30,402
30,52
30,146
30,400
30,209
30,396
30,399
30,506
30,401
30,448
30,190
30,322
30,394
30,81
31,490
31,230
31,140
31,488
31,470
31,477
31,487
31,367
31,489
31,451
31,193
31,325
31,40
31,81
32,12
32,163
32,437
32,10
32,86
32,218
32,9
32,161
32,11
32,439
32,181
32,313
32,129
32,81
33,282
33,231
33,260
33,280
33,158
33,259
33,279
33,19
33,281
33,456
33,198
33,330
33,404
33,81
34,402
34,29
34,260
34,400
34,388
34,259
34,399
34,19
34,401
34,452
34,194
34,326
34,127
34,81
35,402
35,90
35,88
35,400
35,82
35,425
35,399
35,303
35,401
35,459
35,201
35,333
35,111
35,81
36,499
36,207
36,140
36,497
36,235
36,477
36,496
36,367
36,498
36,438
36,180
36,312
36,352
36,81
37,490
37,413
37,146
37,488
37,240
37,396
37,487
37,506
37,489
37,439
37,181
37,313
37,419
37,81
38,490
38,163
38,50
38,488
38,342
38,362
38,487
38,341
38,489
38,461
38,203
38,335
38,23
38,81
39,402
39,373
39,474
39,400
39,21
39,473
39,399
39,514
39,401
39,452
39,194
39,326
39,513
39,81
40,495
40,231
40,507
40,493
40,505
40,398
40,492
40,124
40,494
40,452
40,194
40,326
40,238
40,81
41,12
41,426
41,411
41,10
41,123
41,412
41,9
41,410
41,11
41,458
41,200
41,332
41,238
41,81
42,402
42,353
42,507
42,400
42,209
42,398
42,399
42,124
42,401
42,443
42,185
42,317
42,393
42,81
43,349
43,379
43,417
43,347
43,310
43,416
43,346
43,418
43,348
43,454
43,196
43,328
43,272
43,81
44,12
44,405
44,507
44,10
44,228
44,398
44,9
44,124
44,11
44,443
44,185
44,317
44,394
44,81
45,490
45,109
45,389
45,488
45,126
45,504
45,487
45,381
45,489
45,442
45,184
45,316
45,101
45,81
46,499
46,380
46,227
46,497
46,415
46,387
46,496
46,483
46,498
46,441
46,183
46,315
46,24
46,81
47,349
47,337
47,50
47,347
47,86
47,362
47,346
47,341
47,348
47,445
47,187
47,319
47,127
47,81
48,490
48,171
48,389
48,488
48,388
48,504
48,487
48,381
48,489
48,441
48,183
48,315
48,129
48,81
49,499
49,340
49,50
49,497
49,234
49,362
49,496
49,341
49,498
49,461
49,203
49,335
49,22
49,81
50,499
50,90
50,88
50,497
50,213
50,425
50,496
50,303
50,498
50,459
50,201
50,333
50,117
50,81
51,349
51,355
51,389
51,347
51,307
51,504
51,346
51,381
51,348
51,441
51,183
51,315
51,141
51,81
52,499
52,385
52,476
52,497
52,250
52,407
52,496
52,176
52,498
52,443
52,185
52,317
52,168
52,81
53,402
53,52
53,476
53,400
53,209
53,407
53,399
53,176
53,401
53,439
53,181
53,313
53,419
53,81
54,402
54,377
54,301
54,400
54,310
54,229
54,399
54,142
54,401
54,444
54,186
54,318
54,40
54,81
55,495
55,377
55,301
55,493
55,104
55,229
55,492
55,142
55,494
55,444
55,186
55,318
55,276
55,81
56,282
56,274
56,167
56,280
56,354
56,243
56,279
56,83
56,281
56,451
56,193
56,325
56,344
56,81
57,490
57,79
57,507
57,488
57,240
57,398
57,487
57,124
57,489
57,458
57,200
57,332
57,370
57,81
58,282
58,380
58,227
58,280
58,307
58,387
58,279
58,483
58,281
58,453
58,195
58,327
58,101
58,81
59,282
59,14
59,417
59,280
59,137
59,416
59,279
59,418
59,281
59,460
59,202
59,334
59,135
59,81
60,12
60,311
60,107
60,10
60,136
60,386
60,9
60,151
60,11
60,448
60,190
60,322
60,370
60,81
61,490
61,100
61,88
61,488
61,428
61,425
61,487
61,303
61,489
61,444
61,186
61,318
61,25
61,81
62,490
62,283
62,417
62,488
62,376
62,416
62,487
62,418
62,489
62,444
62,186
62,318
62,463
62,81
63,499
63,70
63,507
63,497
63,178
63,398
63,496
63,124
63,498
63,443
63,185
63,317
63,129
63,81
64,282
64,273
64,437
64,280
64,234
64,218
64,279
64,161
64,281
64,455
64,197
64,329
64,128
64,81
65,402
65,293
65,107
65,400
65,309
65,386
65,399
65,151
65,401
65,451
65,193
65,325
65,261
65,81
66,349
66,134
66,437
66,347
66,338
66,218
66,346
66,161
66,348
66,461
66,203
66,335
66,121
66,81
67,490
67,491
67,411
67,488
67,240
67,412
67,487
67,410
67,489
67,439
67,181
67,313
67,116
67,81
68,402
68,134
68,146
68,400
68,345
68,396
68,399
68,506
68,401
68,459
68,201
68,333
68,22
68,81
69,49
69,508
69,88
69,47
69,425
69,46
69,303
69,48
70,499
70,242
70,260
70,497
70,20
70,259
70,496
70,19
70,498
70,456
70,198
70,330
70,135
70,81
71,12
71,359
71,360
71,10
71,123
71,390
71,9
71,233
71,11
71,446
71,188
71,320
71,344
71,81
74,12
74,511
74,389
74,10
74,178
74,504
74,9
74,381
74,11
74,442
74,184
74,316
74,127
74,81
75,402
75,512
75,360
75,400
75,351
75,390
75,399
75,233
75,401
75,439
75,181
75,313
75,261
75,81
76,495
76,311
76,507
76,493
76,69
76,398
76,492
76,124
76,494
76,459
76,201
76,333
76,370
76,81
77,495
77,421
77,389
77,493
77,252
77,504
77,492
77,381
77,494
77,442
77,184
77,316
77,238
77,81
78,282
78,230
78,167
78,280
78,354
78,243
78,279
78,83
78,281
78,451
78,193
78,325
78,352
78,81
79,349
79,423
79,474
79,347
79,21
79,473
79,346
79,514
79,348
79,446
79,188
79,320
79,239
79,81
80,282
80,273
80,437
80,280
80,356
80,218
80,279
80,161
80,281
80,445
80,187
80,319
80,24
80,81
81,495
81,245
81,474
81,493
81,150
81,473
81,492
81,514
81,494
81,446
81,188
81,320
81,135
81,81
82,12
82,337
82,437
82,10
82,365
82,218
82,9
82,161
82,11
82,445
82,187
82,319
82,80
82,81
83,495
83,308
83,167
83,493
83,309
83,243
83,492
83,83
83,494
83,457
83,199
83,331
83,463
83,81
84,349
84,169
84,360
84,347
84,28
84,390
84,346
84,233
84,348
84,458
84,200
84,332
84,419
84,81
85,349
85,491
85,88
85,347
85,28
85,425
85,346
85,303
85,348
85,459
85,201
85,333
85,116
85,81
86,402
86,162
86,133
86,400
86,485
86,131
86,399
86,132
86,401
86,440
86,182
86,314
86,482
86,81
87,490
87,171
87,227
87,488
87,252
87,387
87,487
87,483
87,489
87,453
87,195
87,327
87,239
87,81
88,499
88,510
88,476
88,497
88,356
88,407
88,496
88,176
88,498
88,459
88,201
88,333
88,256
88,81
89,402
89,500
89,107
89,400
89,209
89,386
89,399
89,151
89,401
89,458
89,200
89,332
89,435
89,81
90,490
90,14
90,301
90,488
90,428
90,229
90,487
90,142
90,489
90,454
90,196
90,328
90,272
90,81
91,490
91,512
91,88
91,488
91,240
91,425
91,487
91,303
91,489
91,459
91,201
91,333
91,116
91,81
92,402
92,491
92,360
92,400
92,209
92,390
92,399
92,233
92,401
92,439
92,181
92,313
92,393
92,81
93,402
93,431
93,50
93,400
93,338
93,362
93,399
93,341
93,401
93,461
93,203
93,335
93,248
93,81
94,495
94,379
94,417
94,493
94,104
94,416
94,492
94,418
94,494
94,460
94,202
94,334
94,206
94,81
95,499
95,84
95,507
95,497
95,250
95,398
95,496
95,124
95,498
95,454
95,196
95,328
95,168
95,81
96,490
96,478
96,140
96,488
96,71
96,477
96,487
96,367
96,489
96,457
96,199
96,331
96,87
96,81
97,402
97,353
97,507
97,400
97,110
97,398
97,399
97,124
97,401
97,458
97,200
97,332
97,206
97,81
98,499
98,304
98,476
98,497
98,376
98,407
98,496
98,176
98,498
98,460
98,202
98,334
98,469
98,81
99,495
99,373
99,474
99,493
99,505
99,473
99,492
99,514
99,494
99,446
99,188
99,320
99,237
99,81
100,402
100,409
100,260
100,400
100,126
100,259
100,399
100,19
100,401
100,442
100,184
100,316
100,22
100,81
101,499
101,508
101,507
101,497
101,213
101,398
101,496
101,124
101,498
101,448
101,190
101,322
101,419
101,81
102,495
102,426
102,360
102,493
102,69
102,390
102,492
102,233
102,494
102,448
102,190
102,322
102,394
102,81
103,12
103,149
103,476
103,10
103,414
103,407
103,9
103,176
103,11
103,460
103,202
103,334
103,206
103,81
104,282
104,293
104,167
104,280
104,249
104,243
104,279
104,83
104,281
104,438
104,180
104,312
104,469
104,81
105,490
105,409
105,227
105,488
105,415
105,387
105,487
105,483
105,489
105,441
105,183
105,315
105,128
105,81
106,499
106,512
106,50
106,497
106,345
106,362
106,496
106,341
106,498
106,448
106,190
106,322
106,24
106,81
107,499
107,53
107,411
107,497
107,213
107,412
107,496
107,410
107,498
107,439
107,181
107,313
107,435
107,81
108,499
108,375
108,301
108,497
108,309
108,229
108,496
108,142
108,498
108,457
108,199
108,331
108,87
108,81
109,402
109,431
109,260
109,400
109,472
109,259
109,399
109,19
109,401
109,456
109,198
109,330
109,344
109,81
110,12
110,226
110,411
110,10
110,136
110,412
110,9
110,410
110,11
110,443
110,185
110,317
110,116
110,81
111,499
111,70
111,107
111,497
111,71
111,386
111,496
111,151
111,498
111,450
111,192
111,324
111,237
111,81
112,499
112,353
112,411
112,497
112,228
112,412
112,496
112,410
112,498
112,458
112,200
112,332
112,393
112,81
113,349
113,45
113,389
113,347
113,178
113,504
113,346
113,381
113,348
113,453
113,195
113,327
113,261
113,81
114,495
114,405
114,88
114,493
114,69
114,425
114,492
114,303
114,494
114,450
114,192
114,324
114,435
114,81
115,12
115,500
115,476
115,10
115,136
115,407
115,9
115,176
115,11
115,450
115,192
115,324
115,481
115,81
116,490
116,385
116,301
116,488
116,110
116,229
116,487
116,142
116,489
116,454
116,196
116,328
116,469
116,81
117,12
117,294
117,476
117,10
117,228
117,407
117,9
117,176
117,11
117,450
117,192
117,324
117,40
117,81
118,282
118,226
118,411
118,280
118,354
118,412
118,279
118,410
118,281
118,443
118,185
118,317
118,87
118,81
119,495
119,426
119,360
119,493
119,376
119,390
119,492
119,233
119,494
119,458
119,200
119,332
119,168
119,81
120,12
120,283
120,107
120,10
120,414
120,386
120,9
120,151
120,11
120,460
120,202
120,334
120,111
120,81
121,499
121,385
121,301
121,497
121,436
121,229
121,496
121,142
121,498
121,460
121,202
121,334
121,141
121,81
122,349
122,169
122,88
122,347
122,368
122,425
122,346
122,303
122,348
122,443
122,185
122,317
122,25
122,81
123,349
123,79
123,411
123,347
123,28
123,412
123,346
123,410
123,348
123,450
123,192
123,324
123,481
123,81
124,349
124,169
124,437
124,347
124,365
124,218
124,346
124,161
124,348
124,450
124,192
124,324
124,23
124,81
