weapon_id,material_id
1,159
1,302
1,260
1,64
1,306
1,259
1,275
1,305
1,19
1,119
2,78
2,74
2,301
2,224
2,76
2,229
2,223
2,75
2,142
2,173
3,144
3,59
3,411
3,54
3,57
3,412
3,392
3,58
3,410
3,113
4,78
4,60
4,301
4,224
4,55
4,229
4,223
4,62
4,142
4,173
5,144
5,59
5,411
5,54
5,57
5,412
5,392
5,58
5,410
5,113
6,15
6,139
6,50
6,17
6,155
6,362
6,16
6,225
6,341
6,18
7,471
7,205
7,88
7,95
7,32
7,425
7,160
8,244
8,170
8,417
8,247
8,91
8,416
8,363
8,94
8,418
8,106
9,471
9,205
9,146
9,95
9,32
9,396
9,160
9,33
9,506
9,383
10,290
10,27
10,227
10,291
10,397
10,387
10,289
10,204
10,483
10,292
11,290
11,361
11,389
11,291
11,30
11,504
11,289
11,217
11,381
11,292
12,433
12,156
12,437
12,486
12,102
12,218
12,299
12,484
12,161
12,26
13,471
13,164
13,50
13,95
13,166
13,362
13,160
13,165
13,341
13,383
14,39
14,27
14,227
14,36
14,397
14,387
14,37
14,204
14,483
14,38
15,297
15,89
15,167
15,295
15,480
15,243
15,296
15,358
15,83
15,298
16,290
16,361
16,389
16,291
16,30
16,504
16,289
16,217
16,381
16,292
17,43
17,157
17,476
17,42
17,429
17,407
17,41
17,153
17,176
17,44
18,51
18,6
18,507
18,509
18,475
18,398
18,406
18,502
18,124
18,175
19,120
19,103
19,140
19,364
19,430
19,477
19,112
19,251
19,367
19,300
20,144
20,59
20,107
20,54
20,57
20,386
20,392
21,244
21,212
21,107
21,247
21,8
21,386
21,363
21,220
21,151
21,106
22,244
22,212
22,146
22,247
22,8
22,396
22,363
22,220
22,506
22,106
23,269
23,263
23,360
23,270
23,262
23,390
23,268
23,264
23,233
23,271
24,269
24,263
24,360
24,270
24,262
24,390
24,268
24,264
24,233
24,271
25,244
25,212
25,507
25,247
25,8
25,398
25,363
25,220
25,124
25,106
26,15
26,164
26,437
26,17
26,166
26,218
26,16
26,165
26,161
26,18
27,179
27,157
27,146
27,336
27,429
27,396
27,31
27,153
27,506
27,67
28,371
28,210
28,66
28,277
28,424
28,434
28,68
28,72
28,343
28,479
29,122
29,266
29,437
29,7
29,267
29,218
29,147
29,265
29,161
29,34
30,43
30,92
30,146
30,42
30,93
30,396
30,41
30,232
30,506
30,44
31,96
31,361
31,389
31,98
31,30
31,504
31,97
31,217
31,381
31,99
32,269
32,263
32,507
32,270
32,262
32,398
32,268
32,264
32,124
32,271
33,51
33,302
33,474
33,509
33,306
33,473
33,406
33,305
33,514
33,175
34,290
34,143
34,227
34,291
34,246
34,387
34,289
34,65
34,483
34,292
35,471
35,59
35,88
35,95
35,57
35,425
35,160
35,58
35,303
35,383
36,77
36,89
36,140
36,222
36,480
36,477
36,408
36,358
36,367
36,177
37,179
37,374
37,360
37,336
37,420
37,390
37,31
37,427
37,233
37,67
38,179
38,157
38,360
38,336
38,429
38,390
38,31
38,153
38,233
38,67
39,471
39,205
39,146
39,95
39,32
39,396
39,160
39,33
39,506
39,383
40,371
40,210
40,66
40,277
40,424
40,434
40,68
40,72
40,343
40,479
41,269
41,143
41,107
41,270
41,246
41,386
41,268
41,65
41,151
41,271
42,244
42,212
42,476
42,247
42,8
42,407
42,363
42,220
42,176
42,106
43,51
43,374
43,260
43,509
43,420
43,259
43,406
43,427
43,19
43,175
44,244
44,212
44,88
44,247
44,8
44,425
44,363
44,220
44,303
44,106
45,15
45,164
45,437
45,17
45,166
45,218
45,16
45,165
45,161
45,18
46,43
46,92
46,507
46,42
46,93
46,398
46,41
46,232
46,124
46,44
47,269
47,263
47,88
47,270
47,262
47,425
47,268
47,264
47,303
47,271
48,77
48,143
48,417
48,222
48,246
48,416
48,408
48,65
48,418
48,177
49,471
49,236
49,507
49,95
49,172
49,398
49,160
49,357
49,124
49,383
50,43
50,92
50,88
50,42
50,93
50,425
50,41
50,232
50,303
50,44
51,269
51,263
51,107
51,270
51,262
51,386
51,268
51,264
51,151
51,271
52,43
52,263
52,360
52,42
52,262
52,390
52,41
52,264
52,233
52,44
53,471
53,205
53,146
53,95
53,32
53,396
53,160
54,39
54,216
54,389
54,36
54,214
54,504
54,37
54,215
54,381
54,38
55,371
55,2
55,133
55,277
55,4
55,131
55,68
55,3
55,132
55,479
56,43
56,205
56,360
56,42
56,32
56,390
56,41
56,33
56,233
56,44
57,371
57,2
57,133
57,277
57,4
57,131
57,68
57,3
57,132
57,479
58,244
58,212
58,476
58,247
58,8
58,407
58,363
58,220
58,176
58,106
59,120
59,219
59,167
59,364
59,108
59,243
59,112
59,372
59,83
59,300
60,257
60,60
60,301
60,255
60,55
60,229
60,254
60,62
60,142
60,253
61,433
61,236
61,437
61,486
61,172
61,218
61,299
61,357
61,161
61,26
62,78
62,105
62,417
62,224
62,85
62,416
62,223
62,339
62,418
62,173
63,468
63,2
63,133
63,465
63,4
63,131
63,467
63,3
63,132
63,466
64,269
64,263
64,88
64,270
64,262
64,425
64,268
64,264
64,303
64,271
65,179
65,212
65,107
65,336
65,8
65,386
65,31
65,220
65,151
65,67
66,96
66,216
66,389
66,98
66,214
66,504
66,97
66,215
66,381
66,99
67,471
67,205
67,107
67,95
67,32
67,386
67,160
67,33
67,151
67,383
68,144
68,59
68,360
68,54
68,57
68,390
68,392
68,58
68,233
68,113
69,144
69,59
69,411
69,54
69,57
69,412
69,392
69,58
69,410
69,113
70,471
70,205
70,146
70,95
70,32
70,396
70,160
70,33
70,506
70,383
71,144
71,59
71,507
71,54
71,57
71,398
71,392
71,58
71,124
71,113
72,471
72,205
72,507
72,95
72,32
72,398
72,160
72,33
72,124
72,383
73,144
73,205
73,360
73,54
73,32
73,390
73,392
73,33
73,233
73,113
74,269
74,263
74,476
74,270
74,262
74,407
74,268
74,264
74,176
74,271
75,115
75,114
75,301
75,432
75,384
75,229
75,422
75,288
75,142
75,130
76,96
76,73
76,474
76,98
76,503
76,473
76,97
76,35
76,514
76,99
77,159
77,114
77,474
77,64
77,384
77,473
77,275
77,288
77,514
77,119
78,290
78,216
78,389
78,291
78,214
78,504
78,289
78,215
78,381
78,292
79,115
79,369
79,474
79,432
79,152
79,473
79,422
79,13
79,514
79,130
80,39
80,374
80,227
80,36
80,420
80,387
80,37
80,427
80,483
80,38
81,96
81,27
81,389
81,98
81,397
81,504
81,97
81,204
81,381
81,99
82,77
82,63
82,140
82,222
82,61
82,477
82,408
82,56
82,367
82,177
83,115
83,374
83,474
83,432
83,420
83,473
83,422
83,427
83,514
83,130
84,39
84,73
84,227
84,36
84,503
84,387
84,37
84,35
84,483
84,38
85,144
85,59
85,107
85,54
85,57
85,386
85,392
85,58
85,151
85,113
86,144
86,59
86,507
86,54
86,57
86,398
86,392
86,58
86,124
86,113
87,258
87,2
87,66
87,221
87,4
87,434
87,138
87,3
87,343
87,366
88,290
88,27
88,227
88,291
88,397
88,387
88,289
88,204
88,483
88,292
89,297
89,170
89,167
89,295
89,91
89,243
89,296
89,94
89,83
89,298
90,43
90,154
90,360
90,42
90,1
90,390
90,41
90,211
90,233
90,44
91,122
91,139
91,437
91,7
91,155
91,218
91,147
91,225
91,161
91,34
92,78
92,105
92,107
92,224
92,85
92,386
92,223
92,339
92,151
92,173
93,269
93,263
93,507
93,270
93,262
93,398
93,268
93,264
93,124
93,271
94,287
94,105
94,146
94,285
94,85
94,396
94,284
94,339
94,506
94,286
95,287
95,170
95,301
95,285
95,91
95,229
95,284
95,94
95,142
95,286
96,43
96,92
96,411
96,42
96,93
96,412
96,41
96,232
96,410
96,44
97,39
97,73
97,389
97,36
97,503
97,504
97,37
97,35
97,381
97,38
98,43
98,92
98,476
98,42
98,93
98,407
98,41
99,120
99,219
99,140
99,364
99,108
99,477
99,112
99,372
99,367
99,300
100,77
100,6
100,140
100,222
100,475
100,477
100,408
100,502
100,367
100,177
101,144
101,59
101,107
101,54
101,57
101,386
101,392
102,179
102,157
102,507
102,336
102,429
102,398
102,31
102,153
102,124
102,67
103,244
103,6
103,167
103,247
103,475
103,243
103,363
103,502
103,83
103,106
104,179
104,157
104,360
104,336
104,429
104,390
104,31
104,153
104,233
104,67
105,257
105,170
105,417
105,255
105,91
105,416
105,254
105,94
105,418
105,253
106,257
106,74
106,417
106,255
106,76
106,416
106,254
106,75
106,418
106,253
107,287
107,60
107,301
107,285
107,55
107,229
107,284
107,62
107,142
107,286
108,77
108,89
108,140
108,222
108,480
108,477
108,408
108,358
108,367
108,177
109,120
109,219
109,146
109,364
109,108
109,396
109,112
109,372
109,506
109,300
110,257
110,60
110,476
110,255
110,55
110,407
110,254
110,62
110,176
110,253
111,179
111,266
111,50
111,336
111,267
111,362
111,31
111,265
111,341
111,67
112,77
112,103
112,140
112,222
112,430
112,477
112,408
112,251
112,367
112,177
113,244
113,212
113,476
113,247
113,8
113,407
113,363
113,220
113,176
113,106
114,244
114,212
114,146
114,247
114,8
114,396
114,363
114,220
114,506
114,106
115,179
115,157
115,146
115,336
115,429
115,396
115,31
115,153
115,506
115,67
116,144
116,59
116,411
116,54
116,57
116,412
116,392
116,58
116,410
116,113
117,51
117,374
117,507
117,509
117,420
117,398
117,406
117,427
117,124
117,175
118,179
118,157
118,411
118,336
118,429
118,412
118,31
118,153
118,410
118,67
119,471
119,205
119,411
119,95
119,32
119,412
119,160
119,33
119,410
119,383
120,144
120,103
120,417
120,54
120,430
120,416
120,392
120,251
120,418
120,113
121,120
121,63
121,476
121,364
121,61
121,407
121,112
121,56
121,176
121,300
122,179
122,157
122,411
122,336
122,429
122,412
122,31
122,153
122,410
122,67
123,433
123,236
123,50
123,486
123,172
123,362
123,299
123,357
123,341
123,26
124,179
124,157
124,88
124,336
124,429
124,425
124,31
124,153
124,303
124,67
125,269
125,263
125,476
125,270
125,262
125,407
125,268
125,264
125,176
125,271
126,43
126,170
126,411
126,42
126,91
126,412
126,41
126,94
126,410
126,44
127,78
127,60
127,301
127,224
127,55
127,229
127,223
127,62
127,142
127,173
128,471
128,205
128,476
128,95
128,32
128,407
128,160
128,33
128,176
128,383
129,297
129,63
129,360
129,295
129,61
129,390
129,296
129,56
129,233
129,298
130,433
130,236
130,50
130,486
130,172
130,362
130,299
130,357
130,341
130,26
131,96
131,216
131,507
131,98
131,214
131,398
131,97
131,215
131,124
131,99
132,287
132,105
132,417
132,285
132,85
132,416
132,284
132,339
132,418
132,286
133,15
133,164
133,50
133,17
133,166
133,362
133,16
133,165
133,341
133,18
134,433
134,154
134,437
134,486
134,1
134,218
134,299
134,211
134,161
134,26
135,78
135,74
135,417
135,224
135,76
135,416
135,223
135,75
135,418
135,173
136,43
136,92
136,411
136,42
136,93
136,412
136,41
137,144
137,59
137,88
137,54
137,57
137,425
137,392
137,58
137,303
137,113
138,290
138,27
138,227
138,291
138,397
138,387
138,289
138,204
138,483
138,292
139,471
139,205
139,88
139,95
139,32
139,425
139,160
140,257
140,74
140,417
140,255
140,76
140,416
140,254
140,75
140,418
140,253
141,51
141,369
141,260
141,509
141,152
141,259
141,406
141,13
141,19
141,175
142,287
142,105
142,146
142,285
142,85
142,396
142,284
142,339
142,506
142,286
143,269
143,263
143,476
143,270
143,262
143,407
143,268
143,264
143,176
143,271
144,244
144,212
144,360
144,247
144,8
144,390
144,363
144,220
144,233
144,106
148,159
148,302
148,260
148,64
148,306
148,259
148,275
148,305
148,19
148,119
149,122
149,266
149,50
149,7
149,267
149,362
149,147
149,265
149,341
149,34
150,269
150,263
150,146
150,270
150,262
150,396
150,268
150,264
150,506
150,271
151,179
151,157
151,88
151,336
151,429
151,425
151,31
151,153
151,303
151,67
152,269
152,263
152,476
152,270
152,262
152,407
152,268
152,264
152,176
152,271
153,269
153,263
153,360
153,270
153,262
153,390
153,268
153,264
153,233
153,271
154,179
154,157
154,88
154,336
154,429
154,425
154,31
154,153
154,303
154,67
155,290
155,361
155,437
155,291
155,30
155,218
155,289
155,217
155,161
155,292
156,269
156,263
156,107
156,270
156,262
156,386
156,268
156,264
156,151
156,271
157,159
157,114
157,474
157,64
157,384
157,473
157,275
157,288
157,514
157,119
158,471
158,205
158,146
158,95
158,32
158,396
158,160
158,33
158,506
158,383
159,144
159,59
159,107
159,54
159,57
159,386
159,392
159,58
159,151
159,113
160,287
160,74
160,301
160,285
160,76
160,229
160,284
160,75
160,142
160,286
161,297
161,236
161,167
161,295
161,172
161,243
161,296
161,357
161,83
161,298
162,51
162,369
162,260
162,509
162,152
162,259
162,406
162,13
162,19
162,175
163,96
163,395
163,88
163,98
163,241
163,425
163,97
163,403
163,303
163,99
164,144
164,59
164,107
164,54
164,57
164,386
164,392
164,58
164,151
164,113
165,144
165,59
165,411
165,54
165,57
165,412
165,392
165,58
165,410
165,113
166,471
166,205
166,360
166,95
166,32
166,390
166,160
166,33
166,233
166,383
167,471
167,205
167,88
167,95
167,32
167,425
167,160
167,33
167,303
167,383
168,269
168,263
168,360
168,270
168,262
168,390
168,268
168,264
168,233
168,271
169,244
169,212
169,88
169,247
169,8
169,425
169,363
169,220
169,303
169,106
170,122
170,266
170,50
170,7
170,267
170,362
170,147
170,265
170,341
170,34
171,43
171,92
171,411
171,42
171,93
171,412
171,41
171,232
171,410
171,44
172,144
172,59
172,476
172,54
172,57
172,407
172,392
172,58
172,176
172,113
173,43
173,92
173,146
173,42
173,93
173,396
173,41
173,232
173,506
173,44
174,244
174,263
174,107
174,247
174,262
174,386
174,363
174,264
174,151
174,106
175,144
175,59
175,107
175,54
175,57
175,386
175,392
175,58
175,151
175,113
176,77
176,63
176,140
176,222
176,61
176,477
176,408
176,56
176,367
176,177
177,120
177,6
177,167
177,364
177,475
177,243
177,112
177,502
177,83
177,300
178,43
178,92
178,476
178,42
178,93
178,407
178,41
179,159
179,73
179,260
179,64
179,503
179,259
179,275
179,35
179,19
179,119
180,15
180,164
180,437
180,17
180,166
180,218
180,16
180,165
180,161
180,18
181,179
181,157
181,507
181,336
181,429
181,398
181,31
181,153
181,124
181,67
182,43
182,92
182,411
182,42
182,93
182,412
182,41
182,232
182,410
182,44
183,115
183,143
183,474
183,432
183,246
183,473
183,422
183,65
183,514
183,130
184,471
184,205
184,146
184,95
184,32
184,396
184,160
185,179
185,157
185,476
185,336
185,429
185,407
185,31
185,153
185,176
185,67
186,179
186,157
186,360
186,336
186,429
186,390
186,31
186,153
186,233
186,67
187,43
187,92
187,146
187,42
187,93
187,396
187,41
187,232
187,506
187,44
188,43
188,92
188,411
188,42
188,93
188,412
188,41
188,232
188,410
188,44
189,43
189,92
189,146
189,42
189,93
189,396
189,41
189,232
189,506
189,44
190,43
190,92
190,411
190,42
190,93
190,412
190,41
190,232
190,410
190,44
191,144
191,59
191,107
191,54
191,57
191,386
191,392
191,58
191,151
191,113
192,244
192,212
192,88
192,247
192,8
192,425
192,363
192,220
192,303
192,106
193,122
193,266
193,146
193,7
193,267
193,396
193,147
193,265
193,506
193,34
194,471
194,205
194,411
194,95
194,32
194,412
194,160
194,33
194,410
194,383
195,244
195,212
195,507
195,247
195,8
195,398
195,363
195,220
195,124
195,106
196,471
196,205
196,88
196,95
196,32
196,425
196,160
196,33
196,303
196,383
197,159
197,114
197,146
197,64
197,384
197,396
197,275
197,288
197,506
197,119
198,468
198,210
198,133
198,465
198,424
198,131
198,467
198,72
198,132
198,466
199,115
199,114
199,474
199,432
199,384
199,473
199,422
199,288
199,514
199,130
200,179
200,92
200,411
200,336
200,93
200,412
200,31
200,232
200,410
200,67
201,297
201,63
201,167
201,295
201,61
201,243
201,296
201,56
201,83
201,298
202,96
202,395
202,389
202,98
202,241
202,504
202,97
202,403
202,381
202,99
203,39
203,395
203,389
203,36
203,241
203,504
203,37
203,403
203,381
203,38
204,244
204,212
204,88
204,247
204,8
204,425
204,363
204,220
204,303
204,106
205,287
205,216
205,417
205,285
205,214
205,416
205,284
205,215
205,418
205,286
206,39
206,395
206,227
206,36
206,241
206,387
206,37
206,403
206,483
206,38
207,43
207,92
207,476
207,42
207,93
207,407
207,41
207,232
207,176
207,44
208,159
208,302
208,474
208,64
208,306
208,473
208,275
208,305
208,514
208,119
209,115
209,114
209,474
209,432
209,384
209,473
209,422
209,288
209,514
209,130
210,297
210,103
210,411
210,295
210,430
210,412
210,296
210,251
210,410
210,298
211,257
211,361
211,301
211,255
211,30
211,229
211,254
211,217
211,142
211,253
212,471
212,205
212,107
212,95
212,32
212,386
212,160
212,33
212,151
212,383
213,471
213,205
213,507
213,95
213,32
213,398
213,160
213,33
213,124
213,383
214,43
214,92
214,411
214,42
214,93
214,412
214,41
214,232
214,410
214,44
215,257
215,60
215,417
215,255
215,55
215,416
215,254
215,62
215,418
215,253
216,144
216,205
216,476
216,54
216,32
216,407
216,392
216,33
216,176
216,113
217,115
217,302
217,474
217,432
217,306
217,473
217,422
217,305
217,514
217,130
218,159
218,114
218,474
218,64
218,384
218,473
218,275
218,288
218,514
218,119
219,43
219,92
219,411
219,42
219,93
219,412
219,41
219,232
219,410
219,44
220,471
220,205
220,146
220,95
220,32
220,396
220,160
220,33
220,506
220,383
221,269
221,263
221,476
221,270
221,262
221,407
221,268
221,264
221,176
221,271
222,471
222,205
222,146
222,95
222,32
222,396
222,160
222,33
222,506
222,383
223,43
223,92
223,88
223,42
223,93
223,425
223,41
223,232
223,303
223,44
224,43
224,92
224,107
224,42
224,93
224,386
224,41
224,232
224,151
224,44
225,287
225,105
225,146
225,285
225,85
225,396
225,284
225,339
225,506
225,286
226,51
226,369
226,260
226,509
226,152
226,259
226,406
226,13
226,19
226,175
227,115
227,369
227,260
227,432
227,152
227,259
227,422
227,13
227,19
227,130
228,287
228,89
228,301
228,285
228,480
228,229
228,284
228,358
228,142
228,286
229,144
229,59
229,107
229,54
229,57
229,386
229,392
229,58
229,151
229,113
230,120
230,219
230,167
230,364
230,108
230,243
230,112
230,372
230,83
230,300
231,269
231,263
231,360
231,270
231,262
231,390
231,268
231,264
231,233
231,271
232,51
232,302
232,260
232,509
232,306
232,259
232,406
232,305
232,19
232,175
233,78
233,60
233,301
233,224
233,55
233,229
233,223
233,62
233,142
233,173
234,159
234,369
234,260
234,64
234,152
234,259
234,275
234,13
234,19
234,119
235,96
235,73
235,227
235,98
235,503
235,387
235,97
235,35
235,483
235,99
236,179
236,157
236,476
236,336
236,429
236,407
236,31
236,153
236,176
236,67
237,297
237,219
237,167
237,295
237,108
237,243
237,296
237,372
237,83
237,298
238,43
238,92
238,411
238,42
238,93
238,412
238,41
239,257
239,74
239,301
239,255
239,76
239,229
239,254
239,75
239,142
239,253
240,39
240,395
240,227
240,36
240,241
240,387
240,37
240,403
240,483
240,38
241,244
241,212
241,476
241,247
241,8
241,407
241,363
241,220
241,176
241,106
242,144
242,59
242,411
242,54
242,57
242,412
242,392
242,58
242,410
242,113
243,258
243,210
243,66
243,221
243,424
243,434
243,138
243,72
243,343
243,366
244,244
244,212
244,360
244,247
244,8
244,390
244,363
244,220
244,233
244,106
245,144
245,92
245,507
245,54
245,93
245,398
245,392
245,232
245,124
245,113
246,43
246,92
246,476
246,42
246,93
246,407
246,41
246,232
246,176
246,44
247,471
247,59
247,88
247,95
247,57
247,425
247,160
247,58
247,303
247,383
248,144
248,59
248,107
248,54
248,57
248,386
248,392
248,58
248,151
248,113
249,77
249,89
249,140
249,222
249,480
249,477
249,408
249,358
249,367
249,177
